ts_ms,open,high,low,close,volume
1745020800000,85124.721496201,85124.721496201,85124.721496201,85124.721496201,0
1745107200000,85101.7461545879,85101.7461545879,85101.7461545879,85101.7461545879,0
1745193600000,87360.7198933372,87360.7198933372,87360.7198933372,87360.7198933372,0
1745280000000,93495.6106890707,93495.6106890707,93495.6106890707,93495.6106890707,0
1745366400000,93695.7404772063,93695.7404772063,93695.7404772063,93695.7404772063,0
1745452800000,93849.8817790766,93849.8817790766,93849.8817790766,93849.8817790766,0
1745539200000,94771.4128007014,94771.4128007014,94771.4128007014,94771.4128007014,0
1745625600000,94694.5111014027,94694.5111014027,94694.5111014027,94694.5111014027,0
1745712000000,93812.876534775,93812.876534775,93812.876534775,93812.876534775,0
1745798400000,95066.0211867329,95066.0211867329,95066.0211867329,95066.0211867329,0
1745884800000,94102.8403024547,94102.8403024547,94102.8403024547,94102.8403024547,0
1745971200000,94236.7325143191,94236.7325143191,94236.7325143191,94236.7325143191,0
1746057600000,96411.7422635885,96411.7422635885,96411.7422635885,96411.7422635885,0
1746144000000,96842.1021057861,96842.1021057861,96842.1021057861,96842.1021057861,0
1746230400000,95943.61135301,95943.61135301,95943.61135301,95943.61135301,0
1746316800000,94377.7899196376,94377.7899196376,94377.7899196376,94377.7899196376,0
1746403200000,94853.7298594389,94853.7298594389,94853.7298594389,94853.7298594389,0
1746489600000,96677.9245029223,96677.9245029223,96677.9245029223,96677.9245029223,0
1746576000000,97137.3757086499,97137.3757086499,97137.3757086499,97137.3757086499,0
1746662400000,103069.539295733,103069.539295733,103069.539295733,103069.539295733,0
1746748800000,102940.802949445,102940.802949445,102940.802949445,102940.802949445,0
1746835200000,104582.821806254,104582.821806254,104582.821806254,104582.821806254,0
1746921600000,103976.137798948,103976.137798948,103976.137798948,103976.137798948,0
1747008000000,102920.074689071,102920.074689071,102920.074689071,102920.074689071,0
1747094400000,104145.711825248,104145.711825248,104145.711825248,104145.711825248,0
1747180800000,103572.719642022,103572.719642022,103572.719642022,103572.719642022,0
1747267200000,103716.283947399,103716.283947399,103716.283947399,103716.283947399,0
1747353600000,103566.269191116,103566.269191116,103566.269191116,103566.269191116,0
1747440000000,103190.041364991,103190.041364991,103190.041364991,103190.041364991,0
1747526400000,106015.689848919,106015.689848919,106015.689848919,106015.689848919,0
1747612800000,105615.828960257,105615.828960257,105615.828960257,105615.828960257,0
1747699200000,106893.330247516,106893.330247516,106893.330247516,106893.330247516,0
1747785600000,109704.855619521,109704.855619521,109704.855619521,109704.855619521,0
1747872000000,111477.014787843,111477.014787843,111477.014787843,111477.014787843,0
1747958400000,107291.888969901,107291.888969901,107291.888969901,107291.888969901,0
1748044800000,107917.328289304,107917.328289304,107917.328289304,107917.328289304,0
1748131200000,108914.876558445,108914.876558445,108914.876558445,108914.876558445,0
1748217600000,109371.985172122,109371.985172122,109371.985172122,109371.985172122,0
1748304000000,109066.345636762,109066.345636762,109066.345636762,109066.345636762,0
1748390400000,107895.402399474,107895.402399474,107895.402399474,107895.402399474,0
1748476800000,105732.957892168,105732.957892168,105732.957892168,105732.957892168,0
1748563200000,103981.302957919,103981.302957919,103981.302957919,103981.302957919,0
1748649600000,104708.964150205,104708.964150205,104708.964150205,104708.964150205,0
1748736000000,105750.15972443,105750.15972443,105750.15972443,105750.15972443,0
1748822400000,105899.696926651,105899.696926651,105899.696926651,105899.696926651,0
1748908800000,105483.98555114,105483.98555114,105483.98555114,105483.98555114,0
1748995200000,104782.844900351,104782.844900351,104782.844900351,104782.844900351,0
1749081600000,101669.190496785,101669.190496785,101669.190496785,101669.190496785,0
1749168000000,104421.051549094,104421.051549094,104421.051549094,104421.051549094,0
1749254400000,105685.250402104,105685.250402104,105685.250402104,105685.250402104,0
1749340800000,105727.739632379,105727.739632379,105727.739632379,105727.739632379,0
1749427200000,110198.15871391,110198.15871391,110198.15871391,110198.15871391,0
1749513600000,110074.119081824,110074.119081824,110074.119081824,110074.119081824,0
1749600000000,108645.785558153,108645.785558153,108645.785558153,108645.785558153,0
1749686400000,105998.985830801,105998.985830801,105998.985830801,105998.985830801,0
1749772800000,106024.822087376,106024.822087376,106024.822087376,106024.822087376,0
1749859200000,105467.108742256,105467.108742256,105467.108742256,105467.108742256,0
1749945600000,105512.797437756,105512.797437756,105512.797437756,105512.797437756,0
1750032000000,107243.933345997,107243.933345997,107243.933345997,107243.933345997,0
1750118400000,104628.396527469,104628.396527469,104628.396527469,104628.396527469,0
1750204800000,104813.367028638,104813.367028638,104813.367028638,104813.367028638,0
1750291200000,104709.720767095,104709.720767095,104709.720767095,104709.720767095,0
1750377600000,103274.958839567,103274.958839567,103274.958839567,103274.958839567,0
1750464000000,101548.196381648,101548.196381648,101548.196381648,101548.196381648,0
1750550400000,100899.234151958,100899.234151958,100899.234151958,100899.234151958,0
1750636800000,105496.947495324,105496.947495324,105496.947495324,105496.947495324,0
1750723200000,105964.065136762,105964.065136762,105964.065136762,105964.065136762,0
1750809600000,107305.065199591,107305.065199591,107305.065199591,107305.065199591,0
1750896000000,107012.822824079,107012.822824079,107012.822824079,107012.822824079,0
1750982400000,107090.95905114,107090.95905114,107090.95905114,107090.95905114,0
1751068800000,107357.617171245,107357.617171245,107357.617171245,107357.617171245,0
1751155200000,108360.901696376,108360.901696376,108360.901696376,108360.901696376,0
1751241600000,107153.101135885,107153.101135885,107153.101135885,107153.101135885,0
1751328000000,105566.356597896,105566.356597896,105566.356597896,105566.356597896,0
1751414400000,108927.13451841,108927.13451841,108927.13451841,108927.13451841,0
1751500800000,109632.159126826,109632.159126826,109632.159126826,109632.159126826,0
1751587200000,108081.395758621,108081.395758621,108081.395758621,108081.395758621,0
1751673600000,108244.788813852,108244.788813852,108244.788813852,108244.788813852,0
1751760000000,109180.005545587,109180.005545587,109180.005545587,109180.005545587,0
1751846400000,108249.401004091,108249.401004091,108249.401004091,108249.401004091,0
1751932800000,108956.631703098,108956.631703098,108956.631703098,108956.631703098,0
1752019200000,111416.806720047,111416.806720047,111416.806720047,111416.806720047,0
1752105600000,115873.903783752,115873.903783752,115873.903783752,115873.903783752,0
1752192000000,117618.605087084,117618.605087084,117618.605087084,117618.605087084,0
1752278400000,117382.372540912,117382.372540912,117382.372540912,117382.372540912,0
1752364800000,118899.737107832,118899.737107832,118899.737107832,118899.737107832,0
1752451200000,119871.096197838,119871.096197838,119871.096197838,119871.096197838,0
1752537600000,117710.89100789,117710.89100789,117710.89100789,117710.89100789,0
1752624000000,118730.187791642,118730.187791642,118730.187791642,118730.187791642,0
1752710400000,119501.663770894,119501.663770894,119501.663770894,119501.663770894,0
1752796800000,117958.511213033,117958.511213033,117958.511213033,117958.511213033,0
1752883200000,117908.52473232,117908.52473232,117908.52473232,117908.52473232,0
1752969600000,117305.680953828,117305.680953828,117305.680953828,117305.680953828,0
1753056000000,117432.435634717,117432.435634717,117432.435634717,117432.435634717,0
1753142400000,120068.00578872,120068.00578872,120068.00578872,120068.00578872,0
1753228800000,118650.587165693,118650.587165693,118650.587165693,118650.587165693,0
1753315200000,118377.081936879,118377.081936879,118377.081936879,118377.081936879,0
1753401600000,117520.17335038,117520.17335038,117520.17335038,117520.17335038,0
1753488000000,117983.204598773,117983.204598773,117983.204598773,117983.204598773,0
1753574400000,119438.164235535,119438.164235535,119438.164235535,119438.164235535,0
1753660800000,118022.637320281,118022.637320281,118022.637320281,118022.637320281,0
1753747200000,117871.370895383,117871.370895383,117871.370895383,117871.370895383,0
1753833600000,117732.643660725,117732.643660725,117732.643660725,117732.643660725,0
1753920000000,115848.339985096,115848.339985096,115848.339985096,115848.339985096,0
1754006400000,113282.144336061,113282.144336061,113282.144336061,113282.144336061,0
1754092800000,112545.673659264,112545.673659264,112545.673659264,112545.673659264,0
1754179200000,114263.693947691,114263.693947691,114263.693947691,114263.693947691,0
1754265600000,115199.933659264,115199.933659264,115199.933659264,115199.933659264,0
1754352000000,114111.36101841,114111.36101841,114111.36101841,114111.36101841,0
1754438400000,115034.678748977,115034.678748977,115034.678748977,115034.678748977,0
1754524800000,117444.913924313,117444.913924313,117444.913924313,117444.913924313,0
1754611200000,116740.687720923,116740.687720923,116740.687720923,116740.687720923,0
1754697600000,116511.655739375,116511.655739375,116511.655739375,116511.655739375,0
1754784000000,119189.198160275,119189.198160275,119189.198160275,119189.198160275,0
1754870400000,118742.043048644,118742.043048644,118742.043048644,118742.043048644,0
1754956800000,120154.32493507,120154.32493507,120154.32493507,120154.32493507,0
1755043200000,123442.67982225,123442.67982225,123442.67982225,123442.67982225,0
1755129600000,118510.27128083,118510.27128083,118510.27128083,118510.27128083,0
1755216000000,117311.209947715,117311.209947715,117311.209947715,117311.209947715,0
1755302400000,117462.42684623,117462.42684623,117462.42684623,117462.42684623,0
1755388800000,117601.952231888,117601.952231888,117601.952231888,117601.952231888,0
1755475200000,116312.914397989,116312.914397989,116312.914397989,116312.914397989,0
1755561600000,112886.10147543,112886.10147543,112886.10147543,112886.10147543,0
1755648000000,114277.320860316,114277.320860316,114277.320860316,114277.320860316,0
1755734400000,112347.102298302,112347.102298302,112347.102298302,112347.102298302,0
1755820800000,116800.977035073,116800.977035073,116800.977035073,116800.977035073,0
1755907200000,115280.444723834,115280.444723834,115280.444723834,115280.444723834,0
1755993600000,113516.122474401,113516.122474401,113516.122474401,113516.122474401,0
1756080000000,110089.533314144,110089.533314144,110089.533314144,110089.533314144,0
1756166400000,111895.295495307,111895.295495307,111895.295495307,111895.295495307,0
1756252800000,111252.307236061,111252.307236061,111252.307236061,111252.307236061,0
1756339200000,112481.152904109,112481.152904109,112481.152904109,112481.152904109,0
1756425600000,108473.330441642,108473.330441642,108473.330441642,108473.330441642,0
1756512000000,108746.150824851,108746.150824851,108746.150824851,108746.150824851,0
1756598400000,108316.44689481,108316.44689481,108316.44689481,108316.44689481,0
1756684800000,108992.324614863,108992.324614863,108992.324614863,108992.324614863,0
1756771200000,111140.947159836,111140.947159836,111140.947159836,111140.947159836,0
1756857600000,111780.743587376,111780.743587376,111780.743587376,111780.743587376,0
1756944000000,110900.633412981,110900.633412981,110900.633412981,110900.633412981,0
1757030400000,110711.229484804,110711.229484804,110711.229484804,110711.229484804,0
1757116800000,110243.650741672,110243.650741672,110243.650741672,110243.650741672,0
1757203200000,111307.784421087,111307.784421087,111307.784421087,111307.784421087,0
1757289600000,112112.311575102,112112.311575102,112112.311575102,112112.311575102,0
1757376000000,111486.396779836,111486.396779836,111486.396779836,111486.396779836,0
1757462400000,113930.748423437,113930.748423437,113930.748423437,113930.748423437,0
1757548800000,115445.812932648,115445.812932648,115445.812932648,115445.812932648,0
1757635200000,116149.174031958,116149.174031958,116149.174031958,116149.174031958,0
1757721600000,115965.627551268,115965.627551268,115965.627551268,115965.627551268,0
1757808000000,115395.933423437,115395.933423437,115395.933423437,115395.933423437,0
1757894400000,115420.931814144,115420.931814144,115420.931814144,115420.931814144,0
1757980800000,116798.867050906,116798.867050906,116798.867050906,116798.867050906,0
1758067200000,116575.777628866,116575.777628866,116575.777628866,116575.777628866,0
1758153600000,117014.426762174,117014.426762174,117014.426762174,117014.426762174,0
1758240000000,115612.372541695,115612.372541695,115612.372541695,115612.372541695,0
1758326400000,115753.165960549,115753.165960549,115753.165960549,115753.165960549,0
1758412800000,115320.858829047,115320.858829047,115320.858829047,115320.858829047,0
1758499200000,112727.70773813,112727.70773813,112727.70773813,112727.70773813,0
1758585600000,112052.393282022,112052.393282022,112052.393282022,112052.393282022,0
1758672000000,113324.623592192,113324.623592192,113324.623592192,113324.623592192,0
1758758400000,109166.347974874,109166.347974874,109166.347974874,109166.347974874,0
1758844800000,109669.102166861,109669.102166861,109669.102166861,109669.102166861,0
1758931200000,109644.73069287,109644.73069287,109644.73069287,109644.73069287,0
1759017600000,112170.00778609,112170.00778609,112170.00778609,112170.00778609,0
1759104000000,114341.141435418,114341.141435418,114341.141435418,114341.141435418,0
1759190400000,113971.742796902,113971.742796902,113971.742796902,113971.742796902,0
1759276800000,118393.270386324,118393.270386324,118393.270386324,118393.270386324,0
1759363200000,120558.594007013,120558.594007013,120558.594007013,120558.594007013,0
1759449600000,122348.127640269,122348.127640269,122348.127640269,122348.127640269,0
1759536000000,122379.744317651,122379.744317651,122379.744317651,122379.744317651,0
1759622400000,123523.768313852,123523.768313852,123523.768313852,123523.768313852,0
1759708800000,124824.453666861,124824.453666861,124824.453666861,124824.453666861,0
1759795200000,121587.699236704,121587.699236704,121587.699236704,121587.699236704,0
1759881600000,123390.353094682,123390.353094682,123390.353094682,123390.353094682,0
1759968000000,121603.33278609,121603.33278609,121603.33278609,121603.33278609,0
1760054400000,113754.852328171,113754.852328171,113754.852328171,113754.852328171,0
1760140800000,110940.113648159,110940.113648159,110940.113648159,110940.113648159,0
1760227200000,115152.917045003,115152.917045003,115152.917045003,115152.917045003,0
1760313600000,115332.252929573,115332.252929573,115332.252929573,115332.252929573,0
1760400000000,113327.079410286,113327.079410286,113327.079410286,113327.079410286,0
1760486400000,110862.872485389,110862.872485389,110862.872485389,110862.872485389,0
1760572800000,108135.049605786,108135.049605786,108135.049605786,108135.049605786,0
1760659200000,106625.668651373,106625.668651373,106625.668651373,106625.668651373,0
1760745600000,107143.913935126,107143.913935126,107143.913935126,107143.913935126,0
1760832000000,108706.663763881,108706.663763881,108706.663763881,108706.663763881,0
1760918400000,110640.249515488,110640.249515488,110640.249515488,110640.249515488,0
1761004800000,108700.382071888,108700.382071888,108700.382071888,108700.382071888,0
1761091200000,107667.630188486,107667.630188486,107667.630188486,107667.630188486,0
1761177600000,110060.936797195,110060.936797195,110060.936797195,110060.936797195,0
1761264000000,111024.94314699,111024.94314699,111024.94314699,111024.94314699,0
1761350400000,111614.535857686,111614.535857686,111614.535857686,111614.535857686,0
1761436800000,114557.100460549,114557.100460549,114557.100460549,114557.100460549,0
1761523200000,114087.773805085,114087.773805085,114087.773805085,114087.773805085,0
1761609600000,112980.685846289,112980.685846289,112980.685846289,112980.685846289,0
1761696000000,110206.347983051,110206.347983051,110206.347983051,110206.347983051,0
1761782400000,108019.723841905,108019.723841905,108019.723841905,108019.723841905,0
1761868800000,109554.239627703,109554.239627703,109554.239627703,109554.239627703,0
1761955200000,110005.295855348,110005.295855348,110005.295855348,110005.295855348,0
1762041600000,110389.168627119,110389.168627119,110389.168627119,110389.168627119,0
1762128000000,106495.802789889,106495.802789889,106495.802789889,106495.802789889,0
1762214400000,101349.73723232,101349.73723232,101349.73723232,101349.73723232,0
1762300800000,103915.88479135,103915.88479135,103915.88479135,103915.88479135,0
1762387200000,101241.573677966,101241.573677966,101241.573677966,101241.573677966,0
1762473600000,103428.471746932,103428.471746932,103428.471746932,103428.471746932,0
1762560000000,102335.021439217,102335.021439217,102335.021439217,102335.021439217,0
1762646400000,104685.54544097,104685.54544097,104685.54544097,104685.54544097,0
1762732800000,106082.478156926,106082.478156926,106082.478156926,106082.478156926,0
1762819200000,102974.405611631,102974.405611631,102974.405611631,102974.405611631,0
1762905600000,101682.126652835,101682.126652835,101682.126652835,101682.126652835,0
1762992000000,100035.310145237,100035.310145237,100035.310145237,100035.310145237,0
1763078400000,94502.5476025716,94502.5476025716,94502.5476025716,94502.5476025716,0
1763164800000,95541.3158389831,95541.3158389831,95541.3158389831,95541.3158389831,0
1763251200000,94182.3130996493,94182.3130996493,94182.3130996493,94182.3130996493,0
1763337600000,91911.4713471654,91911.4713471654,91911.4713471654,91911.4713471654,0
1763424000000,92836.4419111631,92836.4419111631,92836.4419111631,92836.4419111631,0
1763510400000,91320.4811332554,91320.4811332554,91320.4811332554,91320.4811332554,0
1763596800000,86911.2980590298,86911.2980590298,86911.2980590298,86911.2980590298,0
1763683200000,84948.0463205727,84948.0463205727,84948.0463205727,84948.0463205727,0
1763769600000,84775.0015452952,84775.0015452952,84775.0015452952,84775.0015452952,0
1763856000000,86872.4546630625,86872.4546630625,86872.4546630625,86872.4546630625,0
1763942400000,88377.6024421391,88377.6024421391,88377.6024421391,88377.6024421391,0
1764028800000,87434.550610754,87434.550610754,87434.550610754,87434.550610754,0
1764115200000,90449.2770675044,90449.2770675044,90449.2770675044,90449.2770675044,0
1764201600000,91336.2000452952,91336.2000452952,91336.2000452952,91336.2000452952,0
1764288000000,90990.1266104617,90990.1266104617,90990.1266104617,90990.1266104617,0
1764374400000,90842.0738243717,90842.0738243717,90842.0738243717,90842.0738243717,0
1764460800000,90607.7021513735,90607.7021513735,90607.7021513735,90607.7021513735,0
1764547200000,86504.6368156049,86504.6368156049,86504.6368156049,86504.6368156049,0
1764633600000,91528.0245809468,91528.0245809468,91528.0245809468,91528.0245809468,0
1764720000000,93609.0938658679,93609.0938658679,93609.0938658679,93609.0938658679,0
1764806400000,92205.5929544126,92205.5929544126,92205.5929544126,92205.5929544126,0
1764892800000,89279.8344634717,89279.8344634717,89279.8344634717,89279.8344634717,0
1764979200000,89169.5570610754,89169.5570610754,89169.5570610754,89169.5570610754,0
1765065600000,90067.847399474,90067.847399474,90067.847399474,90067.847399474,0
1765152000000,90673.1444436003,90673.1444436003,90673.1444436003,90673.1444436003,0
1765238400000,92808.8518477498,92808.8518477498,92808.8518477498,92808.8518477498,0
1765324800000,92102.9300917592,92102.9300917592,92102.9300917592,92102.9300917592,0
1765411200000,92623.7198708358,92623.7198708358,92623.7198708358,92623.7198708358,0
1765497600000,90331.6083091759,90331.6083091759,90331.6083091759,90331.6083091759,0
1765584000000,90245.267264173,90245.267264173,90245.267264173,90245.267264173,0
1765670400000,88096.3826142607,88096.3826142607,88096.3826142607,88096.3826142607,0
1765756800000,86352.5802565751,86352.5802565751,86352.5802565751,86352.5802565751,0
1765843200000,87752.4290336061,87752.4290336061,87752.4290336061,87752.4290336061,0
1765929600000,86059.5522241379,86059.5522241379,86059.5522241379,86059.5522241379,0
1766016000000,85434.1928673291,85434.1928673291,85434.1928673291,85434.1928673291,0
1766102400000,88168.0738325541,88168.0738325541,88168.0738325541,88168.0738325541,0
1766188800000,88292.4536373466,88292.4536373466,88292.4536373466,88292.4536373466,0
1766275200000,88533.4309830508,88533.4309830508,88533.4309830508,88533.4309830508,0
1766361600000,88474.4622331969,88474.4622331969,88474.4622331969,88474.4622331969,0
1766448000000,87365.9937872589,87365.9937872589,87365.9937872589,87365.9937872589,0
1766534400000,87625.6707895967,87625.6707895967,87625.6707895967,87625.6707895967,0
1766620800000,87231.3047685564,87231.3047685564,87231.3047685564,87231.3047685564,0
1766707200000,87334.8077808299,87334.8077808299,87334.8077808299,87334.8077808299,0
1766793600000,87695.4159076564,87695.4159076564,87695.4159076564,87695.4159076564,0
1766880000000,87747.6491548802,87747.6491548802,87747.6491548802,87747.6491548802,0
1766966400000,87133.5103991818,87133.5103991818,87133.5103991818,87133.5103991818,0
1767052800000,88428.4922735243,88428.4922735243,88428.4922735243,88428.4922735243,0
1767139200000,87516.9780376972,87516.9780376972,87516.9780376972,87516.9780376972,0
1767225600000,88684.2178474576,88684.2178474576,88684.2178474576,88684.2178474576,0
1767312000000,89940.1801671537,89940.1801671537,89940.1801671537,89940.1801671537,0
1767398400000,90598.1301832262,90598.1301832262,90598.1301832262,90598.1301832262,0
1767484800000,91359.7636823495,91359.7636823495,91359.7636823495,91359.7636823495,0
1767571200000,93948.5821794272,93948.5821794272,93948.5821794272,93948.5821794272,0
1767657600000,93574.2871122151,93574.2871122151,93574.2871122151,93574.2871122151,0
1767744000000,91208.9562606663,91208.9562606663,91208.9562606663,91208.9562606663,0
1767830400000,91096.9161554647,91096.9161554647,91096.9161554647,91096.9161554647,0
1767916800000,90539.6032288136,90539.6032288136,90539.6032288136,90539.6032288136,0
1768003200000,90406.1424114553,90406.1424114553,90406.1424114553,90406.1424114553,0
1768089600000,90717.2063153127,90717.2063153127,90717.2063153127,90717.2063153127,0
1768176000000,91141.1498489188,91141.1498489188,91141.1498489188,91141.1498489188,0
1768262400000,95304.4982942724,95304.4982942724,95304.4982942724,95304.4982942724,0
1768348800000,97043.9927258913,97043.9927258913,97043.9927258913,97043.9927258913,0
1768435200000,95546.1397381648,95546.1397381648,95546.1397381648,95546.1397381648,0
1768521600000,95489.1299602572,95489.1299602572,95489.1299602572,95489.1299602572,0
1768608000000,95106.980462595,95106.980462595,95106.980462595,95106.980462595,0
1768694400000,94261.3294313267,94261.3294313267,94261.3294313267,94261.3294313267,0
1768780800000,92526.2419643483,92526.2419643483,92526.2419643483,92526.2419643483,0
1768867200000,88236.5631922852,88236.5631922852,88236.5631922852,88236.5631922852,0
1768953600000,89599.361874927,89599.361874927,89599.361874927,89599.361874927,0
1769040000000,89395.700735827,89395.700735827,89395.700735827,89395.700735827,0
1769126400000,89439.7718909994,89439.7718909994,89439.7718909994,89439.7718909994,0
1769212800000,89185.0386990064,89185.0386990064,89185.0386990064,89185.0386990064,0
1769299200000,86445.6705926359,86445.6705926359,86445.6705926359,86445.6705926359,0
1769385600000,88337.4545511397,88337.4545511397,88337.4545511397,88337.4545511397,0
1769472000000,89260.3805397429,89260.3805397429,89260.3805397429,89260.3805397429,0
1769558400000,89177.7892507306,89177.7892507306,89177.7892507306,89177.7892507306,0
1769644800000,84520.3973106371,84520.3973106371,84520.3973106371,84520.3973106371,0
1769731200000,84017.0340292227,84017.0340292227,84017.0340292227,84017.0340292227,0
1769817600000,78702.38550263,78702.38550263,78702.38550263,78702.38550263,0
1769904000000,76911.0523772648,76911.0523772648,76911.0523772648,76911.0523772648,0
1769990400000,78716.6018088837,78716.6018088837,78716.6018088837,78716.6018088837,0
1770076800000,75684.7660277616,75684.7660277616,75684.7660277616,75684.7660277616,0
1770163200000,73095.1914646406,73095.1914646406,73095.1914646406,73095.1914646406,0
1770249600000,63494.6884456458,63494.6884456458,63494.6884456458,63494.6884456458,0
1770336000000,70647.6982188778,70647.6982188778,70647.6982188778,70647.6982188778,0
1770422400000,69166.2594424313,69166.2594424313,69166.2594424313,69166.2594424313,0
1770508800000,70522.5892393337,70522.5892393337,70522.5892393337,70522.5892393337,0
1770595200000,70244.1017773232,70244.1017773232,70244.1017773232,70244.1017773232,0
1770681600000,68688.793113384,68688.793113384,68688.793113384,68688.793113384,0
1770768000000,66989.7165920514,66989.7165920514,66989.7165920514,66989.7165920514,0
1770854400000,66221.5443115137,66221.5443115137,66221.5443115137,66221.5443115137,0
1770940800000,68860.8411633548,68860.8411633548,68860.8411633548,68860.8411633548,0
1771027200000,69798.0791253653,69798.0791253653,69798.0791253653,69798.0791253653,0
1771113600000,68629.9599760374,68629.9599760374,68629.9599760374,68629.9599760374,0
1771200000000,68747.4380286383,68747.4380286383,68747.4380286383,68747.4380286383,0
1771286400000,67471.0508465809,67471.0508465809,67471.0508465809,67471.0508465809,0
1771372800000,66380.7069611339,66380.7069611339,66380.7069611339,66380.7069611339,0
1771459200000,66932.3522118644,66932.3522118644,66932.3522118644,66932.3522118644,0
1771545600000,67977.3092612507,67977.3092612507,67977.3092612507,67977.3092612507,0
1771632000000,68020.6677612507,68020.6677612507,68020.6677612507,68020.6677612507,0
1771718400000,67550.0240768556,67550.0240768556,67550.0240768556,67550.0240768556,0
1771804800000,64689.9123308007,64689.9123308007,64689.9123308007,64689.9123308007,0
1771891200000,64123.7510780245,64123.7510780245,64123.7510780245,64123.7510780245,0
1771977600000,68038.5221794272,68038.5221794272,68038.5221794272,68038.5221794272,0
1772064000000,67519.2645292227,67519.2645292227,67519.2645292227,67519.2645292227,0
1772150400000,65864.1358170661,65864.1358170661,65864.1358170661,65864.1358170661,0
1772236800000,66965.6353091759,66965.6353091759,66965.6353091759,66965.6353091759,0
1772323200000,65733.5212597896,65733.5212597896,65733.5212597896,65733.5212597896,0
1772409600000,68922.6242974869,68922.6242974869,68922.6242974869,68922.6242974869,0
1772496000000,68431.1740306838,68431.1740306838,68431.1740306838,68431.1740306838,0
1772582400000,72667.4630575687,72667.4630575687,72667.4630575687,72667.4630575687,0
1772668800000,70987.427176505,70987.427176505,70987.427176505,70987.427176505,0
1772755200000,68226.7053927528,68226.7053927528,68226.7053927528,68226.7053927528,0
1772841600000,67315.5529135009,67315.5529135009,67315.5529135009,67315.5529135009,0
1772928000000,66202.6978731736,66202.6978731736,66202.6978731736,66202.6978731736,0
1773014400000,68528.5384699007,68528.5384699007,68528.5384699007,68528.5384699007,0
1773100800000,69891.8238576856,69891.8238576856,69891.8238576856,69891.8238576856,0
1773187200000,70298.5753530099,70298.5753530099,70298.5753530099,70298.5753530099,0
1773273600000,70538.1074623027,70538.1074623027,70538.1074623027,70538.1074623027,0
1773360000000,70930.0132793688,70930.0132793688,70930.0132793688,70930.0132793688,0
1773446400000,71136.2179199299,71136.2179199299,71136.2179199299,71136.2179199299,0
1773532800000,72712.1461957919,72712.1461957919,72712.1461957919,72712.1461957919,0
1773619200000,74723.9575534775,74723.9575534775,74723.9575534775,74723.9575534775,0
1773705600000,74086.013609585,74086.013609585,74086.013609585,74086.013609585,0
1773792000000,71253.9579275278,71253.9579275278,71253.9579275278,71253.9579275278,0
1773878400000,69948.9048267095,69948.9048267095,69948.9048267095,69948.9048267095,0
1773964800000,70510.4196797194,70510.4196797194,70510.4196797194,70510.4196797194,0
1774051200000,69707.285009059,69707.285009059,69707.285009059,69707.285009059,0
1774137600000,68018.1534815897,68018.1534815897,68018.1534815897,68018.1534815897,0
1774224000000,70726.2110461718,70726.2110461718,70726.2110461718,70726.2110461718,0
1774310400000,70610.0187121566,70610.0187121566,70610.0187121566,70610.0187121566,0
1774396800000,71281.2973921683,71281.2973921683,71281.2973921683,71281.2973921683,0
1774483200000,68722.9718366452,68722.9718366452,68722.9718366452,68722.9718366452,0
1774569600000,66214.1715134424,66214.1715134424,66214.1715134424,66214.1715134424,0
1774656000000,66351.0725251315,66351.0725251315,66351.0725251315,66351.0725251315,0
1774742400000,65966.7523939217,65966.7523939217,65966.7523939217,65966.7523939217,0
1774828800000,66651.2320037989,66651.2320037989,66651.2320037989,66651.2320037989,0
1774915200000,68214.8680388662,68214.8680388662,68214.8680388662,68214.8680388662,0
1775001600000,68116.8167933957,68116.8167933957,68116.8167933957,68116.8167933957,0
1775088000000,66908.3179918177,66908.3179918177,66908.3179918177,66908.3179918177,0
1775174400000,66891.7422279369,66891.7422279369,66891.7422279369,66891.7422279369,0
1775260800000,67295.1309137931,67295.1309137931,67295.1309137931,67295.1309137931,0
1775347200000,68921.8060911748,68921.8060911748,68921.8060911748,68921.8060911748,0
1775433600000,68742.9133085915,68742.9133085915,68742.9133085915,68742.9133085915,0
1775520000000,72057.1243614845,72057.1243614845,72057.1243614845,72057.1243614845,0
1775606400000,71085.0583702513,71085.0583702513,71085.0583702513,71085.0583702513,0
1775692800000,71788.6797825833,71788.6797825833,71788.6797825833,71788.6797825833,0
1775779200000,72945.0707241379,72945.0707241379,72945.0707241379,72945.0707241379,0
1775865600000,73119.1091168907,73119.1091168907,73119.1091168907,73119.1091168907,0
1775952000000,70685.3697019287,70685.3697019287,70685.3697019287,70685.3697019287,0
1776038400000,74632.7455856224,74632.7455856224,74632.7455856224,74632.7455856224,0
1776124800000,74173.5083603156,74173.5083603156,74173.5083603156,74173.5083603156,0
1776211200000,74761.964654588,74761.964654588,74761.964654588,74761.964654588,0
1776297600000,75095.7442159556,75095.7442159556,75095.7442159556,75095.7442159556,0
1776384000000,77114.481438048,77114.481438048,77114.481438048,77114.481438048,0
1776470400000,75792.0637510228,75792.0637510228,75792.0637510228,75792.0637510228,0
1776556800000,73905.2041016949,73905.2041016949,73905.2041016949,73905.2041016949,0
1776643200000,75814.1453237873,75814.1453237873,75814.1453237873,75814.1453237873,0
1776729600000,76107.4432977791,76107.4432977791,76107.4432977791,76107.4432977791,0
1776816000000,78317.7422720631,78317.7422720631,78317.7422720631,78317.7422720631,0
1776902400000,78233.6837492694,78233.6837492694,78233.6837492694,78233.6837492694,0
1776988800000,77444.269277031,77444.269277031,77444.269277031,77444.269277031,0
1777075200000,77624.7114821742,77624.7114821742,77624.7114821742,77624.7114821742,0
1777161600000,78538.7733573933,78538.7733573933,78538.7733573933,78538.7733573933,0
1777248000000,77256.297159848,77256.297159848,77256.297159848,77256.297159848,0
1777334400000,76295.531117183,76295.531117183,76295.531117183,76295.531117183,0
1777420800000,75795.0098530099,75795.0098530099,75795.0098530099,75795.0098530099,0
1777507200000,76299.6161285798,76299.6161285798,76299.6161285798,76299.6161285798,0
1777593600000,78132.6437852133,78132.6437852133,78132.6437852133,78132.6437852133,0
1777680000000,78712.5387317358,78712.5387317358,78712.5387317358,78712.5387317358,0
1777766400000,78649.1732893045,78649.1732893045,78649.1732893045,78649.1732893045,0
1777852800000,79826.107817066,79826.107817066,79826.107817066,79826.107817066,0
1777939200000,80936.7548252484,80936.7548252484,80936.7548252484,80936.7548252484,0
1778025600000,81364.6201285798,81364.6201285798,81364.6201285798,81364.6201285798,0
1778112000000,79988.9987343659,79988.9987343659,79988.9987343659,79988.9987343659,0
1778198400000,80179.6922957335,80179.6922957335,80179.6922957335,80179.6922957335,0
1778284800000,80663.6296519579,80663.6296519579,80663.6296519579,80663.6296519579,0
1778371200000,82256.781137931,82256.781137931,82256.781137931,82256.781137931,0
1778457600000,81714.7420499708,81714.7420499708,81714.7420499708,81714.7420499708,0
1778544000000,80525.563024547,80525.563024547,80525.563024547,80525.563024547,0
1778630400000,79291.9110017534,79291.9110017534,79291.9110017534,79291.9110017534,0
1778716800000,81175.8271116306,81175.8271116306,81175.8271116306,81175.8271116306,0
1778803200000,79063.4145756868,79063.4145756868,79063.4145756868,79063.4145756868,0
1778889600000,78164.4952711864,78164.4952711864,78164.4952711864,78164.4952711864,0
1778976000000,77497.697113384,77497.697113384,77497.697113384,77497.697113384,0
1779062400000,76975.9111998831,76975.9111998831,76975.9111998831,76975.9111998831,0
1779148800000,76807.460956166,76807.460956166,76807.460956166,76807.460956166,0
1779235200000,77408.1722089421,77408.1722089421,77408.1722089421,77408.1722089421,0
1779321600000,77595.3861717446,77595.3861717446,77595.3861717446,77595.3861717446,0
1779408000000,75567.5430431093,75567.5430431093,75567.5430431093,75567.5430431093,0
1779494400000,76619.8666090415,76619.8666090415,76619.8666090415,76619.8666090415,0
